IDENT;HPM_VAL;HPS_VAL;MJO_VAL;HPM_%;HPS_%;MJO_%;PL_VAL;PL_%;VIT_VAL;VIT_EVO;COMMENT;NOM_VOIE;SENS_CIR;V85_VL;V85_PL
Z05BE;677;617;8588;-0.3;18.4;15.3;899;14.4;45;-0.5;;Bordeaux Quai Souys (près Rue Bergès);Sens Entrant;;
Z06AS;389;603;7336;;;;291;;43;;;Mérignac 44 Av. de Mérignac;Sens Sortant;;
Z07AE;390;884;10008;-20.3;-0.2;3.7;477;8.3;32;-1.0;;Mérignac face 130 bis Av. de l'Yser;Sens Entrant;;
Z07AS;616;587;9233;2.8;3.9;4.9;645;8.6;27;6.2;;Mérignac face 130 bis Av. de l'Yser;Sens Sortant;;
Z07BS;590;577;7623;15.2;29.1;38.2;179;3.7;39;1.3;;Mérignac 20 Av. du Chut;Sens Sortant;;
Z09AE;476;471;7056;-6.3;9.8;5.6;377;15.3;37;0.7;;Mérignac VDO;Sens Entrant;;
Z16AE;373;487;5564;-2.4;-3.9;-0.6;;;41;-0.6;;Pessac 190 Av. Jean Jaurès;Sens Entrant;;
Z16CE;408;805;8070;-22.0;9.1;4.6;448;10.6;24;21.8;;Pessac Av. de Canejan niveau rocade;Sens Entrant;;
Z16DS;661;895;10956;-26.5;5.6;5.5;420;13.4;38;6.6;;Pessac 98 Av. de Saige;Sens Sortant;;
Z17DE;373;411;4178;-17.6;22.8;17.0;151;12.5;43;-2.6;;Talence av de Thouars (face au château);Sens Entrant;;
Z17EE;86;200;1722;;;;38;;32;;;Talence 42 Rue Lamartine;Sens Entrant;;
Z17ES;42;40;476;;;;4;;29;;;Talence 42 Rue Lamartine;Sens Sortant;;
Z19CS;661;709;9231;-0.5;0.6;6.6;727;10.0;31;5.7;;Villenave d'Ornon Rue Pierre Proud'hon;Sens Sortant;;
Z19DE;264;367;4426;-32.7;2.2;1.6;129;15.5;43;1.6;;Talence 177 chemin de Leysotte;Sens Entrant;;
Z19DS;369;533;5682;-30.7;0.7;0.4;182;6.5;36;5.6;;Talence 177 chemin de Leysotte;Sens Sortant;;
Z20AE;529;626;7594;-12.1;-4.3;-7.2;;;35;9.0;;Bordeaux 248 Av. Tassigny;Sens Entrant;;
Z21DE;342;378;4042;-18.4;-16.9;-13.4;234;28.6;;;;Le Bouscat Av. Victor Hugo;Sens Entrant;;
Z23AS;492;596;6748;-7.0;4.3;10.2;122;-10.8;39;6.3;;Eysines 126 Av. du Taillan;Sens Sortant;;
Z25BS;826;954;11112;17.7;0.3;4.8;621;2.1;32;16.2;;Bruges Blvd Parc des Expositions;Sens Sortant;;
Z29AE;593;340;4165;5.8;0.5;1.3;79;-0.5;55;3.2;;Artigues Blvd de Feydeau;Sens Entrant;;
Z29AS;139;484;3758;-39.2;14.0;16.9;67;10.4;55;3.6;;Artigues Blvd de Feydeau;Sens Sortant;;
Z29CS;575;1415;13003;-26.8;6.2;8.1;446;11.5;40;7.7;;Cenon Blvd de l'Entre-deux-Mers;Sens Sortant;;
Z30CS;322;389;5085;-25.2;-9.0;-5.3;264;-0.4;29;-1.4;;Mérignac face au 153 Av. de la Somme;Sens Sortant;;
Z30DNS;311;400;5413;-7.8;-10.0;-0.9;207;12.7;48;0.1;;Mérignac 66 Av. Pierre Mendès France;Sens Mérignac vers Pessac;;
Z32AS;514;768;7817;12.5;15.4;18.2;389;11.8;44;-3.3;;Floirac 35 Av. Gaston Cabannes;Sens Sortant;;
Z33AE;812;527;9182;15.8;-20.0;-9.9;782;-7.5;51;17.8;;Blanquefort Av. du XI Novembre;Sens Entrant;;
Z35AS;301;1016;10929;12.8;5.8;7.2;525;10.0;43;0.2;;Ambares Av. de la Libération;Sens Sortant;;
Z10CT1;664;625;9774;-5.6;-11.5;-5.8;;;;;;Bordeaux Blvd Leclerc après Thomas;Boulevards Nord > Sud;;
Z10CT3;923;876;13755;-8.0;-2.9;-2.7;;;;;;Bordeaux Blvd George V avant barr Pessac;Boulevards Sud > Nord;;
Z10CT6;408;381;4759;;;;;;;;;Bordeaux Rue de Pessac après Audeguil;Sens Sortant;;
Z10CT9;700;742;8125;-1.8;2.5;4.9;;;;;;Bordeaux Cours Galliéni après Médoquine;Sens Entrant;;
Z11CT10;1177;1310;16388;4.9;-4.4;-0.6;;;;;;Bordeaux Blvd Roosevelt après Rue Hoche;Nord > Sud;;
Z11CT13;370;390;4950;18.2;8.2;14.9;;;;;;Bordeaux Rue Brun;Boulevards > Somme;;
Z11CT17;442;351;4534;11.3;-5.7;-2.7;;;;;;Bordeaux Argonne après Bertrand de Goth;Sens Entrant;;
Z11CT9;766;841;12485;1.3;-8.9;0.2;;;;;;Talence Boulevard George V;Sud > Nord;;
Z12CT2;310;244;4232;-16.2;-22.7;-10.2;;;;;;Bordeaux Rue Malbec avant Nansouty;Sens Sortant;;
Z13CT1;499;534;9850;6.2;1.5;7.9;;;;;;Bordeaux Blvd Pierre 1er avant Hugo;Nord > Sud;;
Z13CT14;261;249;4246;7.2;7.2;12.1;;;;;;Bordeaux Ulysse Gayon;Sens Sortant;;
Z13CT18;288;281;4870;-4.5;-15.3;-2.4;;;;;;Bordeaux Rue Fondaudège;;;
Z13CT2;869;889;15222;3.8;-1.0;4.9;;;;;;Bordeaux Blvd Pierre 1er après Tivoli;Nord > Sud;;
Z13CT21;319;330;4068;-1.3;-8.0;-9.1;;;;;;Bordeaux Rue de la Course;;;
Z13CT9;438;362;5187;131.8;89.9;89.0;;;;;;Bordeaux Rue Johnston avant Arsenal;Sens Entrant;;
Z14CT11;582;624;11099;-13.8;-19.9;-9.6;;;;;;Bordeaux Blvd Godard avant Ampère;Nord > Sud;;
Z14CT12;1098;1089;16301;8.6;1.9;13.6;;;;;;Bordeaux Rue L. Faure après L. Fargue;Sens Entrant;;
Z14CT13;401;339;5925;6.4;-11.2;9.5;;;;;;Bordeaux Quai Chartrons;Nord > Sud;;
Z07BE;378;465;6103;31.5;22.8;30.5;79;;29;-14.7;;Mérignac 20 Av. du Chut;Sens Entrant;;
Z14CT15;749;834;11942;-2.2;-5.2;8.7;;;;;;Bordeaux Rue Faure;Sens Sortant;;
Z09AS;404;558;7514;-2.4;5.3;12.4;393;17.7;34;-0.5;;Mérignac VDO;Sens Sortant;;
Z14CT2;941;631;12954;13.9;-10.7;15.1;;;;;;Bordeaux Blvd Godard avant Jeanvrot;Sud > Nord;;
Z10BS;409;549;5999;-21.9;13.2;6.1;241;1.6;32;3.8;;Bordeaux Rue Bethmann Bx II;Sens Sortant;;
Z15CT11;147;250;2074;-18.3;14.4;-10.4;;;;;;Bordeaux Av. E. Counord après giratoire;Sens Sortant;;
Z12AS;131;316;3387;-43.1;0.1;1.6;187;1.7;29;2.3;;Bègles 99 cours Victor Hugo;Sens Sortant;;
Z15CT12;372;315;4844;0.5;-2.6;3.3;;;;;;Bordeaux Av. E. Counord avant Guillemin;Sens Entrant;;
Z16BS;484;487;6356;;;;350;;48;;;Pessac 9 Av. de Madran;Sens Sortant;;
Z15CT13;59;85;1147;-3.4;-6.3;-5.6;;;;;;Bordeaux Av. E. Counord après Godard;Sens Sortant;;
Z17BS;885;767;13445;-8.9;-22.9;3.6;725;7.5;30;8.3;;Talence Liberation Peyberland Rabelais;Sens Sortant;;
Z15CT15;262;203;3236;-8.1;-9.8;-6.9;;;;;;Bordeaux Rue d'Aviau avant Ducau;Sens Entrant;;
Z17CS;172;746;5065;-37.8;14.2;15.0;144;7.7;44;0.6;;Gradignan 14 Rue Naudet;Sens Sortant;;
Z16CT1;563;510;6342;7.0;-2.0;3.5;;;;;;Pessac Av. Jean Jaurès;Sens Sortant;;
Z19CE;577;725;9627;-2.3;-3.1;4.3;561;8.6;35;4.1;;Villenave d'Ornon Rue Pierre Proud'hon;Sens Entrant;;
Z16CT2;477;495;5588;21.4;5.0;5.8;;;;;;Bordeaux Av. Jaurès;Sens Sortant;;
Z20AS;420;566;6635;-11.6;-2.7;-1.0;;;41;3.0;;Bordeaux 248 Av. Tassigny;Sens Sortant;;
Z16CT3;337;447;5358;-5.7;-3.3;-1.6;;;;;;Pessac Av. Jaurès après Jaubert;Sens Sortant;;
Z21CE;256;290;3327;-43.4;-31.6;-33.0;57;-23.3;31;1.5;;Le Bouscat 58 Av. de Tivoli;Sens Entrant;;
Z16CT5;468;544;5719;5.3;17.5;8.4;;;;;;Pessac Av. Pasteur après Aciéries;Sens Entrant;;
Z22BE;358;495;6261;-7.5;8.4;10.2;326;20.3;35;19.6;;Lormont 36 Av. de Paris;Sens Entrant;;
Z16CT8;253;301;3312;-7.9;-2.8;-2.1;;;;;;Pessac Rue Pénard après Echoppes;Sens Sortant;;
Z22CE;1137;1052;16036;-8.6;5.1;6.8;661;17.3;54;0.1;;Lormont Av. Kennedy Amitié;Sens Entrant;;
Z17CT1;499;474;5808;16.7;2.5;3.7;;;;;;Talence Cours Gambetta avant Rue Mirabeau;Sens Sortant;;
Z22CS;826;934;16086;4.0;13.9;15.0;672;23.7;39;3.1;;Lormont Av. Kennedy Amitié;Sens Sortant;;
Z17CT13;221;335;2771;39.3;27.7;28.4;;;;;;Talence Rue Lamartine avant Suzon;Sens Sortant;;
Z23BS;644;688;7933;-4.9;18.0;17.4;463;26.5;38;11.1;;Bruges Av. de Gaulle Fleuranceau Rocade;Sens Sortant;;
Z17CT4;1998;1555;22927;7.6;0.4;6.6;;;;;;Gradignan Cours de Gaulle;Sens Entrant;;
Z23DE;163;307;3179;-20.9;5.9;-5.1;213;-7.3;49;0.7;;Bruges Rue de Fieuzal (face au lac);Sens Entrant;;
Z17CT8;654;680;9170;0.2;5.3;5.7;;;;;;Gradignan Cours du Général De Gaulle;Sens Entrant;;
Z24AE;549;587;6306;8.5;15.2;0.3;239;8.3;42;-4.2;;Eysines 245 Av. de St Médard;Sens Entrant;;
Z18CT1;240;492;5740;2.4;6.9;5.5;;;;;;Gradignan Gal de Gaulle avant platanes;Sens Sortant;;
Z24AS;417;526;5448;-25.1;-5.5;-13.0;194;-20.1;37;-18.5;;Eysines 245 Av. de Saint Médard;Sens Sortant;;
Z18CT10;500;488;5681;-0.4;-3.5;-7.4;;;;;;Gradignan Gal de Gaulle après Rochefort;Sens Entrant;;
Z26AS;381;650;7561;-7.7;10.6;14.0;415;9.3;42;-1.5;;Bègles rte de Courréjean;Sens Sortant;;
Z18CT12;297;529;6056;0.3;0.0;0.4;;;;;;Gradignan Gal de Gaulle avant Lahouneau;Sens Sortant;;
Z26BE;183;224;2828;-26.2;9.2;6.2;90;-2.4;32;4.6;;Bègles 98 Rue Alexis Capelle;Sens Entrant;;
Z18CT3;151;394;3978;-11.3;-15.7;-13.3;;;;;;Gradignan Gal de Gaulle après place;Sens Sortant;;
Z27AS;325;681;7310;-47.9;18.5;12.1;290;4.2;41;-1.3;;Pessac Av. Pasteur niveau rocade;Sens Sortant;;
Z18CT4;258;210;2711;-32.6;-37.8;-39.1;;;;;;Gradignan Gal de Gaulle avant place;Sens Entrant;;
Z28AE;877;588;8322;5.9;-2.8;-0.4;518;0.7;;;;Saint-Médard-en-Jalles Av. de Capeyron;Sens Entrant;;
Z19CT12;266;75;1136;33.1;36.4;21.9;;;;;;Villenave d'Ornon Leclerc avant Gaston;Sens Entrant;;
Z28AS;437;790;8024;-18.8;-4.4;0.3;508;2.1;;;;Saint-Médard-en-Jalles Av. de Capeyron;Sens Sortant;;
Z19CT15;287;147;2056;8.7;19.0;22.3;;;;;;Villenave d'Ornon Rue Jean Pages;Sens Entrant;;
Z30BE;259;481;5231;-37.3;-19.1;-21.1;202;-11.6;38;-10.9;;Mérignac Av. de la Marne;Sens Entrant;;
Z19CT16;525;539;7822;-6.9;-14.0;-11.7;;;;;;Bègles 168 rte de Toulouse après Sévène;Sens Entrant;;
Z30BS;445;482;6193;-35.3;-13.2;-18.2;219;-12.0;39;-1.6;;Mérignac Av. de la Marne;Sens Sortant;;
Z19CT2;389;384;5668;-3.9;-5.0;-5.0;;;;;;Villenave d'Ornon 246 Rte de Toulouse;Sens Entrant;;
Z30CE;199;580;5740;-43.2;0.8;-2.6;214;-10.6;31;2.6;;Mérignac face 153 Av. de la Somme;Sens Entrant;;
Z19CT4;407;308;4259;3.8;-7.0;-3.8;;;;;;Villenave d'Ornon Rue Labro;Sens Sortant;;
Z30GS;882;1211;13847;15.6;-7.4;0.8;1284;3.2;63;6.4;;Mérignac Av. François Mitterrand;Sens Sortant;;
Z1CT10;691;636;9760;16.9;0.9;11.8;;;;;;Bordeaux Quai des Chartrons;Nord > Sud;;
Z10CT11;297;302;3361;13.3;-4.6;0.8;;;;;;Bordeaux Rue Mouneyra après Dupeux;Sens Sortant;;
Z1CT13;1678;1382;21401;-3.0;0.9;7.3;;;;;;Bordeaux Quai Grave après Allamandier;Sud > Nord;;
Z10CT13;265;335;4058;-25.1;-12.0;-21.2;;;;;;Bordeaux 245 Rue du Tondu;Sens Entrant;;
Z1CT15;213;198;3178;10.1;7.7;15.6;;;;;;Bordeaux Martinique;Sens Entrant;;
Z10CT16;735;773;8648;;;;;;;;;Bordeaux Cours Galliéni après Quintin;Sens Sortant;;
Z20CT1;791;925;11197;-6.1;-9.3;-6.3;;;;;;Bordeaux Av. de Gaulle après Bocage;Sens Sortant;;
Z10CT17;430;459;5072;-2.7;7.6;3.6;;;;;;Talence Rue Vieille Tour après Lavoisier;Sens Entrant;;
Z20CT6;360;319;4640;-41.6;-38.4;-35.1;;;;;;Bordeaux Av. Leclerc après St Amand;Sens Entrant;;
Z10CT19;722;746;9710;1.1;-5.6;-0.8;;;;;;Bordeaux Béchade après giratoire;Sens Sortant;;
Z22CT11;397;295;3672;15.9;3.4;4.8;;;;;;Lormont Dupin après Lavergne;Av. de Paris> Pt Aquit;;
Z11CT1;243;355;3954;0.7;12.9;3.2;;;;;;Talence Cours Gambetta avant Lamartine;Sens Entrant;;
Z23CT11;702;834;12209;-3.4;-11.2;0.0;;;;;;Eysines Av. du Médoc après G. Saux;Sens Sortant;;
Z11CT15;423;379;4815;16.0;4.9;7.6;;;;;;Talence Cours Gambetta après Pt SNCF;Sens Sortant;;
Z23CT12;401;593;8026;-10.9;-12.6;-0.3;;;;;;Le Bouscat Route du Médoc;;;
Z11CT2;391;440;4948;-1.5;-0.2;-5.2;;;;;;Talence Cours Gambetta avant Pt SNCF;Sens Entrant;;
Z23CT3;532;703;9719;-19.8;-13.9;-3.6;;;;;;Bruges Rte du Médocavant Croix du Vigean;Sens Sortant;;
Z12CT11;517;582;8044;-6.2;-15.8;-7.8;;;;;;Bordeaux 149 Blvd Albert 1er;Nord > Sud;;
Z23CT7;451;800;10284;-18.8;-10.9;2.0;;;;;;Bruges Rte du Médoc  avant Hippodrome;Sens Entrant;;
Z12CT12;832;800;12421;-0.6;5.5;8.3;;;;;;Bordeaux Blvd Albert 1er après Daguin;Sud > Nord;;
Z24CT1;573;558;6100;-2.2;-8.0;-8.6;;;;;;Eysines Av. de St Médard après Dubrana;Sens Sortant;;
Z12CT13;528;557;8478;-18.6;-9.2;-4.8;;;;;;Bordeaux 52 Blvd Albert 1er;Sud > Nord;;
Z24CT13;406;516;5926;17.8;-3.6;13.1;;;;;;Le Haillan G. Eiffel après Laplace;Sud > Nord;;
Z12CT3;330;403;6105;-23.2;-13.2;-2.4;;;;;;Bordeaux Cours de la Somme après Rue Brun;Sens Sortant;;
Z24CT4;633;530;6251;27.7;-4.0;1.3;;;;;;Le Haillan Av. Pasteur après Chavailles;Sens Entrant;;
Z12CT6;464;392;6842;-20.8;-24.3;-22.0;;;;;;Bordeaux Rte Toulouse après Suzon;Sens Entrant;;
Z24CT7;88;295;2697;-4.2;-12.0;2.0;;;;;;Mérignac Daudet avant Magudas;Sud > Nord;;
Z13CT12;747;607;9104;-23.4;-23.7;-22.0;;;;;;Bordeaux Rue Ecole Normale;Sens Entrant;;
Z25CT12;537;706;8016;-8.4;-2.0;-1.8;;;;;;Bordeaux Allée de Boutaut avant Laroque;Sens Sortant;;
Z13CT16;121;105;1267;-78.7;-76.3;-80.5;;;;;;Bordeaux Croix Blanche après Jean Soula;Sens Entrant;;
Z25CT24;80;152;1107;-8.9;38.5;-0.5;;;;;;Bordeaux Brunet avant Brandenburg;Sens Entrant;;
Z13CT7;311;370;4013;66.6;-0.8;14.4;;;;;;Bordeaux Cours de la Libération;Sens Sortant;;
Z26CT8;171;257;2363;9.5;19.7;8.0;;;;;;Bègles Moga  après Durcy;Sens Entrant;;
Z14CT1;895;687;12751;-9.0;-17.3;-5.2;;;;;;Bordeaux Blvd Godard avant Trébod;Sud > Nord;;
Z27CT11;382;628;7519;-0.4;-8.9;2.5;;;;;;Pessac Av. Leclerc après Meyraud;Sens Sortant;;
Z14CT14;514;439;7437;-8.7;-15.6;3.6;;;;;;Bordeaux Quai Chartrons avant Chantecrit;Sud > Nord;;
Z27CT13;224;389;3789;0.7;11.2;0.9;;;;;;Pessac Haut Lévèque avant Matisse;Sud > Nord;;
Z14CT16;389;333;5959;1.5;-13.4;2.6;;;;;;Bordeaux Quai de Bacalan après L. Faure;Nord > Sud;;
Z27CT2;592;613;6715;0.6;7.9;1.5;;;;;;Pessac Pasteur après Haut-Lévêque;Sens Entrant;;
Z14CT19;585;725;8394;7.1;11.0;11.7;;;;;;Bordeaux Cours Balguerie Stuttenberg;Sens Sortant;;
Z27CT3;515;721;7421;4.6;8.4;6.7;;;;;;Pessac Pasteur avant l'Alouette;Sens Sortant;;
Z14CT20;223;622;5672;-19.7;16.6;-1.1;;;;;;Bordeaux Boulevard Alfred Daney;Sens Entrant;;
Z27CT5;244;466;4664;-3.6;-7.8;-7.7;;;;;;Pessac Av. du Haut Lévêque après le CHR;Sud > Nord;;
Z14CT22;1172;1026;14324;6.3;-2.0;7.2;;;;;;Bordeaux Pont Chaban Delmas;Sens Entrant;;
Z28CT7;615;660;8465;10.1;11.3;8.1;;;;;;St Médard Av. Montaigne après Rue Capsec;Sens Entrant;;
Z14CT3;1011;1318;16126;0.6;6.4;12.2;;;;;;Bordeaux Pont Chaban Delmas;Sens Sortant;;
Z29CT10;262;474;4804;23.7;14.7;22.5;;;;;;Floirac Dubedout avant Allende;Sens Sortant;;
Z14CT4;740;638;8719;-3.2;-4.1;-1.1;;;;;;Le Bouscat Allée de Boutaut;Sens Entrant;;
Z2CT10;483;387;6350;19.5;22.0;25.1;;;;;;Bordeaux Cursol après Pasteur;Sens Entrant;;
Z14CT5;446;531;6991;-16.3;-8.4;-5.3;;;;;;Bordeaux Allée de Boutaut;Sens Sortant;;
Z2CT13;271;339;4733;-19.6;-19.9;-15.3;;;;;;Bordeaux Pl République vers Cursol;Sens Sortant;;
Z14CT9;2040;1130;22416;-1.8;-24.8;-6.7;;;;;;Bordeaux Blvd A d'Aquitaine avant Latule;Sens Entrant;;
Z2CT22;98;103;1645;-6.6;7.7;7.3;;;;;;Bordeaux Descente => porte Cailhau;Bretelle Sud > Nord Descente > porte Cailhau;;
Z15CT14;189;194;2903;;;;;;;;;Bordeaux Martinique vers quais;Centre Ville Sortant;;
Z2CT5;83;141;1647;-69.4;-64.5;-66.7;;;;;;Bordeaux Juin après Belfort;Sens Entrant;;
Z15CT2;299;390;5049;4.8;3.3;4.6;;;;;;Bordeaux Cours Portal après Doumer;Sens Sortant;;
Z2CT7;475;404;5737;-13.2;-5.4;-7.2;;;;;;Bordeaux Juin A.France;Sens Sortant;;
Z15CT6;39;54;646;19.8;36.1;29.0;;;;;;Bordeaux Cours E. de Fayolle après Doumer;Sens Sortant;;
Z30CT14;494;494;6441;1.8;-4.8;1.0;;;;;;Mérignac Av. Mendès-France;Nord > Sud;;
Z15CT9;263;273;3508;1.6;-4.1;0.0;;;;;;Bordeaux Rue Godard après Lagrange;de Lagrange  > Counord;;
Z30CT16;450;409;5770;14.3;1.2;10.6;;;;;;Mérignac Av. Mendès-France;Nord > Sud;;
Z16CT12;167;252;2450;1.7;29.7;26.7;;;;;;Pessac Av. Bougnard;Sens Entrant;;
Z30CT24;180;297;2239;20.0;27.5;19.4;;;;;;Mérignac Eyquems avant Rue Bourly;Sens Entrant;;
Z16CT13;282;298;3296;2.5;4.8;2.2;;;;;;Pessac Rue Cohé Centre après Pénard;Nord > Sud;;
Z31CT1;413;1218;12989;-25.1;-0.9;2.6;;;;;;Bassens Rd p Ricard > côte de la Garonne;Sud > Nord;;
Z16CT14;441;560;5782;;;;;;;;;Pessac Rue Chateaubriand aprè Lamartine;Sud > Nord;;
Z31CT8;533;524;7215;3.1;8.5;11.9;;;;;;Bassens Bourdieu avant Beaumont;Nord > Sud;;
Z16CT7;322;403;4539;6.9;8.3;5.6;;;;;;Pessac Av. Jean Jaurès après Chiquet;Sens Entrant;;
Z3CT14;246;502;3921;-4.9;7.5;1.7;;;;;;Bordeaux Rue Lamourous avant St. Genès.;Sens Sortant;;
Z16CT9;220;304;2559;-9.4;-0.8;-7.2;;;;;;Pessac Cordier après Cimetière;Sens Sortant;;
Z3CT16;305;274;5098;-2.3;-10.2;1.5;;;;;;Bordeaux Cours de la Marne après Meunier;Sens gare vers Victoire;;
Z17CT5;322;551;7202;-18.8;-4.0;-9.1;;;;;;Talence 552 Cours  Libération;Sens Entrant;;
Z4CT10;258;197;3444;20.3;-1.5;15.2;;;;;;Bordeaux Rue Michelet après St Sernin;Sens Entrant;;
Z17CT6;374;568;6935;-13.5;-1.1;-9.0;;;;;;Talence 455 Cours de la Libération;Sens Entrant;;
Z4CT14;377;349;5124;18.6;11.6;13.5;;;;;;Bordeaux Cours de Verdun avant Gourgues;Sud > Nord;;
Z18CT11;324;280;3527;10.6;9.3;8.8;;;;;;Gradignan F. de Monjous avant de Gaulle;Sud > Nord;;
Z4CT15;510;369;8528;-6.8;-22.7;-1.7;;;;;;Bordeaux Cours de Verdun;Nord > Sud;;
Z18CT13;253;403;4380;-11.1;-8.0;-4.0;;;;;;Gradignan Lahouneau avant de Gaulle;Nord > Sud;;
Z4CT18;695;604;9498;-1.6;-5.5;2.5;;;;;;Bordeaux Cours Clémenceau avant Buffon;Sud > Nord;;
Z19CT10;236;224;2926;-17.3;-14.5;-15.7;;;;;;Villenave d'Ornon Labro vers Bègles;Sens Entrant;;
Z4CT24;168;286;2500;-3.3;11.5;1.2;;;;;;Bordeaux Rue d'Aviau avant Ducau;Sens Sortant;;
Z19CT14;445;948;11529;-13.9;-3.4;0.3;;;;;;Villenave d'Ornon bretelle sortie int.;Bretelle sortie rocade intérieure;;
Z4CT8;186;138;2727;-14.4;-20.2;-9.4;;;;;;Bordeaux Rue Judaïque après C. d'Eau;Sens Sortant;;
Z19CT3;504;491;7276;3.8;3.1;2.2;;;;;;Villenave d'Ornon Toulouse Chatry/Labro;Sens Sortant;;
Z5CT12;54;86;923;-14.1;-12.9;-12.4;;;;;;Bordeaux Cours de la Marne après Malbec;Nord > Sud;;
Z19CT6;576;398;6413;6.8;3.0;8.7;;;;;;Villenave d'Ornon Av. Georges Clémenceau;Sens Entrant;;
Z5CT15;682;716;8994;40.5;-8.0;8.9;;;;;;Bordeaux Quai Deschamps;Nord > Sud;;
Z19CT7;290;517;6619;-15.1;-1.9;-2.0;;;;;;Villenave d'Ornon Av des Pyrénées;Sens Entrant;;
Z5CT19;827;704;10431;8.9;11.3;8.5;;;;;;Bordeaux Rue peyronnet;Sens Entrant;;
Z1CT16;814;685;10234;5.3;2.5;11.5;;;;;;Bordeaux Quai Chartrons après  Arnozan;Sud > Nord;;
Z5CT20;587;584;7710;5.5;47.6;38.1;;;;;;Bordeaux Quai de Paludate;Sens Entrant vers Pont de Pierre;;
Z1CT4;870;1070;14922;2.6;-6.1;5.4;;;;;;Bordeaux Quai Richelieu Aides/Cailhau;Nord > Sud;;
Z6CT2;1077;945;16252;4.6;5.5;12.1;;;;;;Bordeaux Blvd Wilson après Judaïque;Boulevards Nord > Sud;;
Z20CT4;563;567;6391;-9.0;-11.4;-10.4;;;;;;Bordeaux Av. Tassigny  avant Bleuets;Sens Entrant;;
Z7CT12;581;494;6961;-4.4;-8.4;0.3;;;;;;Mérignac Mendès-France après Verdun;Mérignac > Pessac         Nord > Sud;;
Z20CT5;578;591;7185;-9.8;-7.4;-9.8;;;;;;Bordeaux Av. du Maréchal de Lattre de Tassigny;Sens Entrant;;
Z7CT17;116;319;2828;-17.5;-7.2;-22.0;;;;;;Mérignac Av. Libération après de Gaulle;Sud > Nord;;
Z21CT6;144;158;2029;-14.4;-22.9;-13.7;;;;;;Le Bouscat Av. de la Libération;;;
Z7CT8;157;301;2832;-7.6;-7.9;-21.8;;;;;;Mérignac Av. Leclerc après V. Eglise;Sud > Nord;;
Z22CT12;444;310;3983;24.8;4.5;10.3;;;;;;Lormont Dupin  après Resistance;Sens Entrant;;
Z8CT5;332;220;3732;6.4;-2.5;0.1;;;;;;Bordeaux Av. Thiers après Lauzac;Sens Entrant;;
Z22CT2;301;411;4651;-16.8;-16.1;-11.3;;;;;;Cenon Av. de Paris après 4 Pavillons;Sens Sortant;;
Z9CT8;402;481;6578;-13.8;-11.3;-8.2;;;;;;Bordeaux 130 Av. Larminat après Sourdis;Sens Sortant;;
Z22CT7;234;287;3608;-22.2;-29.1;-27.6;;;;;;Lormont Av. de Paris vers 4 Pavillons;Nord > Sud;;
Z9CT9;487;619;7897;5.1;2.0;4.8;;;;;;Bordeaux Av. Larminat après Devèze;Sens Sortant;;
Z23CT16;445;516;6733;2.4;1.4;8.7;;;;;;Eysines Av. du Médoc après Lesseps;Sens Entrant;;
Z23CT5;343;323;5176;;;;;;;;;Eysines Rte de Pauillac avant Médoc;Sens Entrant;;
Z24CT10;570;819;11269;2.9;-7.7;1.3;;;;;;Mérignac Magudas avant Cigale;Sens Entrant;;
Z24CT5;747;655;7460;-13.5;-14.4;-18.4;;;;;;Le Haillan Av. Pasteur après Los Héros;Sens Entrant;;
Z24CT6;617;632;7208;;;;;;;;;Eysines Av. de St Médard;Sens Entrant;;
Z24CT9;1118;930;14983;-0.9;2.6;4.0;;;;;;Mérignac Magudas après Cigale;Sens Sortant;;
Z25CT1;353;266;3967;-10.0;-12.3;-3.4;;;;;;Bordeaux Cours Bricaud après Ratabou;Sens Entrant;;
Z25CT13;551;508;7328;-1.5;-2.3;9.7;;;;;;Bordeaux Allée de Boutaut après Laroque;Sens Sortant;;
Z25CT14;762;813;9206;12.7;-0.5;3.8;;;;;;Bordeaux All. Boutaut après Claudeville;Sens Entrant;;
Z25CT16;49;128;1191;-10.4;42.8;22.4;;;;;;Bordeaux Cours de Quebec après Laroque;Sud > Nord;;
Z25CT19;512;366;4541;-1.5;22.9;9.6;;;;;;Bordeaux Vélodrome N>S;Nord > Sud;;
Z25CT23;229;227;2887;-34.8;-34.9;-27.8;;;;;;Bordeaux Achard niveau Pourmann;Sens Sortant;;
Z27CT14;444;410;5164;-11.8;-2.6;-2.4;;;;;;Pessac Haut Lévèque avant Magellan;Nord > Sud;;
Z27CT16;220;393;3807;0.3;11.5;1.3;;;;;;Pessac Haut Lévèque après Av. de Canéjan;Sud > Nord;;
Z27CT6;1284;987;13661;7.1;-0.5;5.6;;;;;;Pessac Av. du Bourghail après Monbalon;Sud > Nord;;
Z27CT8;610;363;5085;11.0;14.2;18.3;;;;;;Pessac Rue des Anciens de l'AFN;Nord > Sud;;
Z28CT4;425;204;3083;19.0;7.6;11.0;;;;;;St Médard Av. de Gaulle avant Rousseau;Sens Entrant;;
Z29CT15;665;534;7429;69.8;55.9;66.7;;;;;Déviation travaux : https://sedeplacer.bordeaux-metropole.fr/Toutes-les-infos-circulation/Rue-barree/Cenon-Avenue-Jean-Zay;Cenon Av. Clémenceau avant 8 mai 45;Sens Sortant;;
Z29CT2;443;412;4969;9.1;7.8;9.3;;;;;;Floirac Monrepos avant Cours Gambetta;Sens Entrant;;
Z29CT6;509;946;8314;-4.5;6.8;-0.2;;;;;;Cenon Bretelle Curie vers entre 2 mers;Curie > Entre Deux Mers;;
Z2CT12;325;311;5018;4.1;14.4;19.8;;;;;;Bordeaux Pl République vers Albret;Sens Entrant;;
Z2CT14;61;108;1007;-43.8;-19.2;-39.4;;;;;;Bordeaux Cours mal Joffre vers Burguet;Nord > Sud;;
Z2CT15;315;402;5204;-14.1;-16.4;-12.2;;;;;;Bordeaux Rue de Cursol après Joffre;Sens Sortant;;
Z2CT16;399;535;7102;-14.8;-26.4;-20.1;;;;;;Bordeaux Cours V. Hugo;Sens Sortant;;
Z2CT17;393;476;6665;-9.8;-12.3;-6.7;;;;;;Bordeaux Cours V. Hugo avant Bir-Hakeim;Sens Sortant;;
Z2CT21;270;363;4659;-11.0;-16.5;-9.7;;;;;;Bordeaux Descente => Allamandier;Bretelle Nord > Sud Descente > Allamandier;;
Z2CT24;105;193;2906;22.1;24.1;28.7;;;;;;Bordeaux Alsace-Lorraine après Cheverus;Sens Sortant;;
Z2CT4;136;220;3227;26.8;11.7;24.0;;;;;;Bordeaux Alsace Lorraine avant Ausone;Sens Sortant;;
Z2CT6;92;112;1624;6.7;14.0;13.3;;;;;;Bordeaux Rue PL Lande sortie Ste Eulalie;Sens Entrant;;
Z30CT15;67;128;1230;-18.2;-12.1;-16.5;;;;;;Mérignac Rte  Pessac;Nord > Sud;;
Z30CT17;444;511;6236;-4.1;0.4;-3.0;;;;;;Mérignac Av. Mendès-France;Sud > Nord;;
Z30CT19;477;328;4820;-3.9;-22.2;-16.6;;;;;;Mérignac Av. Maréchal Leclerc après Coty;Nord > Sud;;
Z31CT4;201;378;5336;-6.5;18.0;13.2;;;;;;Bassens Sortie autoroute Ech. 2;Bretelle Sortante Nord;;
Z31CT6;735;724;9269;4.8;1.4;4.2;;;;;;Bassens Entrée Ech. 2;Bretelle Entrante Nord;;
Z31CT7;156;757;6594;-7.7;5.2;10.7;;;;;;Carbon Blanc Griffons avant Pasteur;Sud > Nord;;
Z3CT15;205;414;3170;;;;;;;;;Bordeaux Rue St. Nicolas, avant Somme.;Argonne > Somme;;
Z3CT17;108;109;1710;26.5;25.4;27.7;;;;;;Bordeaux 36 Cours de l' Argonne;Sens Entrant;;
Z3CT6;422;352;4757;30.3;15.7;21.7;;;;;;Bordeaux Cours Argonne avant Millière;Sens Entrant;;
Z3CT9;388;275;3940;;;;;;;;;Bordeaux 1 Cours de la Libération;Vers Rue du Tondu;;
Z4CT20;215;220;3128;7.6;3.5;7.0;;;;;;Bordeaux Allées de Bristol;Bristol > Hémicycle;;
Z4CT21;234;290;4024;-6.8;-1.0;8.9;;;;;;Bordeaux Rue Esprit des Lois;Vers les Quais;;
Z4CT7;337;254;5067;-11.5;-20.1;-12.4;;;;;;Bordeaux Cours N. Pénard après Albret;Sud > Nord;;
Z5CT10;729;783;11734;-2.9;-5.7;1.6;;;;;;Bordeaux Rue Saget après Tauzia;de Tauzia > Quais;;
Z5CT17;2412;1947;25351;2.8;9.4;12.9;;;;;;Bordeaux Pont St Jean;Sens Entrant;;
Z5CT21;934;694;8419;-9.1;-12.4;-7.7;;;;;;Bordeaux Quai de Paludate;Sens Entrant vers boulevard;;
Z5CT22;1636;1427;21315;-4.1;2.7;7.0;;;;;;Bordeaux Quai Ste Croix;Quais  Sud > Nord;;
Z5CT8;555;498;8215;4.1;-3.0;11.6;;;;;;Bordeaux Rue Domercq après Pt du Guit;Sens Entrant;;
Z6CT11;762;671;9754;-2.6;-8.1;-3.1;;;;;;Bordeaux Av. d'Arès après Schrader;Sens Entrant;;
Z6CT12;595;633;8050;-0.5;15.4;8.9;;;;;;Bordeaux Rue G. Bonnac après Wilson;Sens Entrant;;
Z6CT16;245;258;4073;-18.8;-20.5;-12.1;;;;;;Bordeaux Rue Judaïque avant Soula;Sens Sortant;;
Z6CT17;113;263;2551;21.6;15.7;16.1;;;;;;Bordeaux Rue Nauville avant Judaïque;Sud > Nord;;
Z6CT6;869;930;12914;-5.4;-12.7;-7.6;;;;;;Bordeaux Av. de la République;Sens Sortant;;
Z7CT14;172;130;1851;0.4;-21.9;-9.2;;;;;;Mérignac Ouley après Goillot;Nord > Sud;;
Z7CT16;388;381;4955;5.2;0.1;15.3;;;;;;Mérignac Tassigny avant Robinson;Sens Sortant;;
Z7CT2;529;453;5955;13.5;19.0;6.1;;;;;;Mérignac Av. de Verdun après Dupuy;Sens Sortant;;
Z8CT10;407;428;5071;5.1;-1.8;-0.9;;;;;;Cenon Cours de Verdun après Yser;Curie > J. Jaurès;;
Z8CT3;315;267;3897;18.5;7.0;11.5;;;;;;Bordeaux Av. Thiers après Pt Bouthier;Sens Entrant;;
Z8CT6;418;290;5400;-12.6;-12.1;-5.6;;;;;;Cenon Av. J. Jaurès après Paigne;Sens Entrant;;
Z9CT15;517;434;6700;3.8;26.9;13.7;;;;;;Mérignac Av. Mitterrand après A. Chemin;Sens Entrant;;
Z9CT2;754;685;10662;-11.5;-17.5;-9.1;;;;;;Bordeaux Blvd Gautier après Larminat;Boulevards Nord > Sud;;
Z9CT6;494;436;6610;-4.0;-1.4;5.3;;;;;;Bordeaux Rue Larminat après Rue Redon;Sens Entrant;;
Z9CT7;556;437;6837;-6.3;-10.5;1.3;;;;;;Bordeaux 154 Rue d'Ornano après Héron;Sens Entrant;;
Z05BS;460;931;8952;7.4;2.6;8.5;929;11.7;42;0.8;;Bordeaux Quai  Souys (près Rue Bergès);Sens Sortant;;
Z06AE;453;525;6921;;;;313;;38;;;Mérignac 44 Av. de Mérignac;Sens Entrant;;
Z07CE;647;381;5793;19.2;12.8;17.1;381;13.1;;;;Martignas Av. du bassin d'Arcachon;Sens Entrant;;
Z07CS;236;792;6302;-18.4;14.7;31.4;392;42.0;;;;Martignas Av. du bassin d'Arcachon;Sens Sortant;;
Z08AE;393;355;5531;-3.4;-9.9;-5.4;283;10.5;21;25.1;;Cenon 10 Av. J. Jaurès;Sens Entrant;;
Z08AS;291;458;6174;-21.3;9.4;2.1;153;-4.0;24;47.8;;Cenon 10 Av. J. Jaurès;Sens Sortant;;
Z10AE;329;456;4962;-23.9;6.5;1.6;94;12.3;43;-1.3;;Talence Rue Vieille Tour Médoquine;Sens Entrant;;
Z10AS;401;645;5251;-21.1;34.0;11.9;34;25.9;41;-3.3;;Talence Rue Vieille Tour Médoquine;Sens Sortant;;
Z10BE;355;542;5916;-23.5;6.9;3.7;464;-0.9;36;5.6;;Bordeaux Rue Bethmann Bx II;Sens Entrant;;
Z12AE;251;322;3862;-9.3;7.8;6.8;176;4.4;28;-0.9;;Bègles 99 cours Victor Hugo;Sens Entrant;;
Z16AS;420;416;5420;-5.3;-1.0;-1.0;230;-14.1;41;-1.1;;Pessac 190 Av. Jean Jaurès;Sens Sortant;;
Z16BE;345;673;6621;;;;346;;36;;;Pessac 9 Av. de Madran;Sens Entrant;;
Z16CS;611;643;8307;-30.6;5.4;4.2;285;9.5;40;2.3;;Pessac Av. de Canejan niveau rocade;Sens Sortant;;
Z16DE;610;955;10678;-0.4;2.2;7.1;464;7.0;36;13.4;;Pessac 98 Av. de Saige;Sens Entrant;;
Z17BE;864;1167;14785;-13.3;10.0;1.6;711;4.6;31;13.2;;Talence Liberation Peyberland Rabelais;Sens Entrant;;
Z17CE;673;409;4797;;;;144;;41;;;Gradignan 14 Rue Naudet;Sens Entrant;;
Z17DS;184;592;4529;-48.5;21.6;19.7;177;21.5;46;-1.6;;Talence av de Thouars (face au château);Sens Sortant;;
Z19AE;427;431;6233;-5.1;-1.0;-1.7;358;-4.2;36;1.8;;Villenave d'Ornon 335 rte Toulouse;Sens Entrant;;
Z19AS;395;593;7250;-25.1;5.0;-0.2;530;5.5;36;-0.3;;Villenave d'Ornon 335 rte Toulouse;Sens Sortant;;
Z19BE;641;736;10599;-7.6;0.0;3.7;770;2.7;19;26.7;;Villenave d'Ornon 509 rte Toulouse;Sens Entrant;;
Z19BS;512;640;9391;-18.2;0.6;4.3;876;6.6;16;21.0;;Villenave d'Ornon 509 Rte Toulouse;Sens Sortant;;
Z21CS;237;461;4198;-23.3;26.1;5.4;103;15.7;38;3.8;;Le Bouscat 58 Av. de Tivoli;Sens Sortant;;
Z21DS;356;497;5065;-17.0;18.6;14.5;215;47.5;;;;Le Bouscat Av. Victor Hugo;Sens Sortant;;
Z22BS;285;503;5021;-14.9;8.1;1.6;293;14.6;37;3.9;;Lormont 36 Av. de Paris;Sens Sortant;;
Z23AE;713;623;7141;16.6;8.1;6.3;137;-8.1;35;9.1;;Eysines 126 Av. du Taillan;Sens Entrant;;
Z23BE;295;359;5252;-26.1;-22.4;-7.3;350;-10.1;38;16.7;;Bruges Av. de Gaulle Fleuranceau Rocade;Sens Entrant;;
Z23DS;833;879;7724;61.3;93.7;44.9;383;31.1;44;-4.5;;Bruges Rue de Fieuzal;Sens Sortant;;
Z25BE;760;554;8215;-6.7;-0.8;-0.2;342;-1.8;36;16.1;;Bruges Blvd Parc des Expositions;Sens Entrant;;
Z26AE;684;702;9318;-8.6;-3.7;1.8;422;-0.8;36;10.4;;Bègles rte de Courréjean;Sens Entrant;;
Z26BS;103;215;2454;-41.4;15.3;15.1;39;-8.3;29;5.8;;Bègles 98 Rue Alexis Capelle;Sens Sortant;;
Z27AE;386;634;6682;-30.0;20.2;9.4;259;1.8;39;-2.5;;Pessac Av. Pasteur niveau rocade;Sens Entrant;;
Z27BE;321;562;5754;-14.2;6.1;3.6;300;4.2;49;1.5;;Pessac Av. Haut-Lévêque;Sens Entrant;;
Z27BS;415;465;5477;-27.4;4.2;-2.3;289;-0.6;55;0.6;;Pessac Av. Haut-Lévêque;Sens Sortant;;
Z29BE;1939;1624;20650;0.3;-1.4;-1.4;683;3.6;49;15.8;;Bordeaux Blvd Joliot Curie après Benauge;Sens Entrant;;
Z29CE;1960;1297;18507;9.8;2.1;10.7;767;22.3;37;24.3;;Cenon Blvd de l'Entre-deux-Mers;Sens Entrant;;
Z29DE;748;567;8802;-15.9;-18.7;-5.2;346;5.7;30;2.1;;Cenon Av. Jean Zay / bretelle rocade;Sens Entrant;;
Z29DS;368;727;7404;-15.5;-13.7;-14.1;307;-4.5;33;8.7;;Cenon Av. Jean Zay / bretelle rocade;Sens Sortant;;
Z30DSN;362;460;6287;-26.0;-3.4;0.4;190;11.6;41;12.7;;Mérignac 66 Av.Pierre Mendès France;Sens Pessac vers Mérignac;;
Z30FNS;428;558;6678;-6.6;-22.4;-7.9;633;2.2;58;-1.9;;Mérignac Roland GARROS;Nord > Sud;;
Z30FSN;589;541;7247;-33.9;-6.6;-6.3;696;11.5;52;-3.4;;Mérignac Roland GARROS;Sud > Nord;;
Z30GE;880;898;12146;17.4;24.6;7.9;1200;8.4;62;-1.0;;Mérignac Av. François Mitterrand;Sens Entrant;;
Z32AE;567;630;7449;-1.5;11.2;11.3;412;4.3;46;-1.7;;Floirac 35 Av. Gaston Cabannes;Sens Entrant;;
Z35AE;1044;821;11821;;7.2;13.1;570;33.2;46;5.1;;Ambares Av. de la Libération;Sens Entrant;;
Z10CT12;478;334;5636;-2.2;-13.1;-2.7;;;;;;Bordeaux Rue Saignat avant Pl Campeyrau;Sens Sortant;;
Z10CT14;556;450;7619;-18.7;-28.1;-20.7;;;;;;Bordeaux Rue Saignat après Pl Campeyrau;Sens Entrant;;
Z10CT15;392;406;5454;10.0;-0.7;8.9;;;;;;Talence Cours Galliéni après XIV Juillet;Sens Entrant;;
Z10CT18;914;768;12010;-5.2;-3.9;-1.6;;;;;;Bordeaux Béchade après Quintin;Sens Entrant;;
Z10CT21;602;647;10162;-2.3;-0.1;2.1;;;;;;Bordeaux Tauzin après Haut Brion;Sens Entrant;;
Z10CT7;642;567;7614;-1.9;2.4;8.1;;;;;;Talence 35 Cours Galliéni;Sens Sortant;;
Z11CT12;899;814;12323;-18.1;-17.5;-9.5;;;;;;Bordeaux Blvd Roosevelt avant Jaurès;Sud > Nord;;
Z11CT16;466;415;5092;19.9;9.9;11.6;;;;;;Talence Cours Gambetta après Roustaing;Sens Sortant;;
Z11CT7;439;415;5263;17.5;12.4;16.1;;;;;;Bordeaux Rue St Genès après Ségur;Sens Sortant;;
Z11CT8;263;283;3317;21.2;6.7;10.9;;;;;;Talence Cours Gambetta avant Combes;Sens Sortant;;
Z12CT1;387;401;6245;-3.2;-11.5;7.3;;;;;;Bordeaux Cours de la Somme après Monsarrat;Sens Sortant;;
Z12CT10;658;746;9920;-3.5;-7.5;-3.7;;;;;;Bordeaux Blvd Albert 1er après Cabié;Nord > Sud;;
Z12CT16;426;338;4168;8.9;16.7;8.9;;;;;;Bordeaux Rue de Bègles après Vaucouleur;Sens Entrant;;
Z12CT4;738;762;8891;-4.7;-7.7;-17.7;;;;;;Bordeaux Rte Toulouse après Suzon;Sens Sortant;;
Z12CT7;648;616;8936;2.7;-0.1;1.6;;;;;;Bordeaux Cours de la Somme après Brun;Sens Entrant;;
Z12CT9;635;607;8913;-5.9;-18.6;-10.3;;;;;;Bordeaux Blvd Roosevelt avant Toulouse;Nord > Sud;;
Z13CT10;505;484;7264;-3.0;8.0;22.5;;;;;;Bordeaux Rue Carnot sens entrant;Sens Entrant;;
Z13CT15;437;484;5225;55.5;50.5;40.9;;;;;;Bordeaux Rue de Tivoli;Sens Sortant;;
Z13CT20;340;427;5515;1.3;-2.1;7.8;;;;;;Bordeaux Av. d'Eysines avant F. Faure;Sens Sortant;;
Z13CT3;887;827;10541;-19.9;-22.1;-35.8;;;;;;Bordeaux Blvd Wilson après Eysines;Nord > Sud;;
Z13CT4;937;822;15263;-17.5;-25.7;-13.0;;;;;;Bordeaux Blvd Wilson après Colmar;Sud > Nord;;
Z13CT5;1577;1400;27392;14.7;-0.3;25.5;;;;;;Bordeaux Blvd Wilson après Carnot;Sud > Nord;;
Z14CT17;855;793;10813;4.0;-0.7;3.3;;;;;;Bordeaux Rue L. Faure;Sens Sortant;;
Z14CT18;256;217;3287;-17.1;-18.9;-8.1;;;;;;Bordeaux Quai de Bacalan après L. Faure;Sud > Nord;;
Z14CT21;306;321;5564;-22.0;-29.1;-17.0;;;;;;Bordeaux Boulevard Alfred Daney;Sens Sortant;;
Z14CT23;503;540;7135;-5.5;-5.8;2.8;;;;;;Bordeaux Brazza avant le pont;Sud > Nord;;
Z14CT24;900;712;11064;4.9;3.6;9.5;;;;;;Bordeaux Brazza avant le pont;Nord > Sud;;
Z14CT7;1361;1334;24201;;;;;;;;;Bordeaux Blvd Daney avant Latule;Sud > Nord;;
Z14CT8;1613;1983;25990;-13.7;-19.5;-4.6;;;;;;Bordeaux Blvd A d'Aquitaine après Latule;Sens Sortant;;
Z15CT3;475;455;7517;1.2;-2.3;5.6;;;;;;Bordeaux Cours Portal avant Doumer;Nord > Sud;;
Z15CT4;420;395;6610;0.7;0.7;6.7;;;;;;Bordeaux Cours de Verdun après Doumer;Nord > Sud;;
Z15CT5;358;395;5243;22.0;26.9;21.6;;;;;;Bordeaux Cours Martinique après Portal;Sens Sortant;;
Z16CT10;478;569;6102;0.2;7.1;5.5;;;;;;Pessac Rue Pénard avant Cohé;Sens Sortant;;
Z17CT10;1010;1218;15062;-0.3;11.3;7.1;;;;;;Talence Cours de la Libération;Sens Entrant;;
Z17CT12;240;279;2751;;;;;;;;;Talence Rue Lamartine avant Paré;Sens Entrant;;
Z17CT2;353;423;5210;-16.5;-5.2;-17.9;;;;;;Talence Cours de la Libération après Bdx 1;Sens Sortant;;
Z17CT7;413;452;5963;15.4;7.2;6.7;;;;;;Talence Libération après Suzon;Sens Entrant;;
Z18CT5;331;394;4279;-9.1;-9.4;-14.3;;;;;;Gradignan Gal de Gaulle avant platanes;Sens Entrant;;
Z19CT1;663;724;9631;;;;;;;;;Bègles Rte de Toulouse aprés Sévène;Sens Sortant;;
Z19CT8;716;683;10122;0.3;2.6;2.4;;;;;;Bègles Route de Toulouse;Sens Entrant;;
Z19CT9;385;535;7677;;;;;;;;;Villenave d'Ornon Leclerc après rocade;Sens Entrant;;
Z1CT1;801;787;11557;8.2;-3.7;7.2;;;;;;Bordeaux 17 Quai Louis XVIII Ferrère;Nord > Sud;;
Z1CT11;736;611;9969;1.2;-7.5;12.9;;;;;;Bordeaux Quai Chartrons après  Latour;Sud > Nord;;
Z1CT14;579;556;8362;17.7;5.2;13.1;;;;;;Bordeaux Quai Chartrons apres Hangar 14;Nord > Sud;;
Z1CT5;1411;1142;17546;0.3;3.4;9.3;;;;;;Bordeaux Quai Richelieu  Cailhau/Bourse;Sud > Nord;;
Z1CT6;323;329;5440;-13.2;-4.7;0.0;;;;;;Bordeaux Montée Pont de Pierre;Sens Sortant;;
Z1CT9;678;629;9921;12.5;4.4;14.3;;;;;;Bordeaux Quai Chartrons ap Martinique;Nord > Sud;;
Z20CT3;513;595;6896;8.6;-3.9;-1.8;;;;;;Bordeaux Av. du Maréchal de Lattre de Tassigny;Sens Sortant;;
Z21CT1;366;417;4552;21.4;21.5;21.7;;;;;;Bordeaux Av. Libération avant Poincaré;Sens Sortant;;
Z21CT3;384;385;4963;2.8;-0.1;4.9;;;;;;Bordeaux Av. Libération après le carrefour, avant la Rue des Ecus;Sens Sortant;;
Z22CT10;218;262;2951;13.1;3.6;1.9;;;;;;Lormont Dupin après Tallavi;Pt Aquit> av de Paris;;
Z22CT13;1028;1033;18151;23.5;18.6;14.4;;;;;;Cenon Rue de l'Amitié;Sens Sortant;;
Z22CT4;1152;1016;15070;5.4;6.2;5.7;;;;;;Artigues Av. Kennedy avant 4 Pavillons;Sens Entrant;;
Z22CT8;981;743;8891;-3.0;-0.5;-21.2;;;;;;Cenon Av. Carnot après 4 Pavillons;Sens Entrant;;
Z23CT10;622;635;9168;3.2;2.7;4.8;;;;;;Eysines Av. du Médoc avant C. du Vigean;Sens Entrant;;
Z23CT13;183;225;2630;-4.1;5.6;4.7;;;;;;Bruges Av. Charles de Gaulle;Sud > Nord;;
Z23CT6;318;313;4889;-5.0;-13.1;-5.5;;;;;;Eysines Av. du Médoc avant rte Pauillac;Sens Entrant;;
Z23CT9;458;432;5114;3.2;12.9;7.4;;;;;;Le Bouscat Av. de l'Hippodrome avant la route du Médoc;Sud > Nord;;
Z24CT12;820;922;11817;0.1;-4.4;0.9;;;;;;Le Haillan Magudas avant rocade;Sens Entrant;;
Z24CT14;307;263;5154;-14.7;-2.6;0.2;;;;;;Le Haillan Mermoz avant Magudas;Nord > Sud;;
Z24CT3;639;722;8058;20.8;15.3;25.1;;;;;;Le Haillan Av. Pasteur après Los Heros;Sens Sortant;;
Z24CT8;1535;1221;17417;3.8;-2.9;5.7;;;;;;Mérignac Magudas avant rocade;Sens Sortant;;
Z25CT11;648;784;7403;11.2;7.0;3.2;;;;;;Bordeaux All. Boutaut avant Claudeville;Sens Entrant;;
Z25CT17;73;227;2116;2.0;19.0;3.7;;;;;;Bordeaux Quebec avant Royer;Nord > Sud;;
Z25CT18;253;513;3605;40.3;27.8;19.6;;;;;;Bordeaux Domergue S>N avant rocade;Sud > Nord;;
Z25CT20;399;400;4133;-1.4;-15.6;-8.8;;;;;;Bordeaux Bricaud S>N avant vélodrome;Sud > Nord;;
Z25CT22;106;223;2737;-14.5;-2.5;0.8;;;;;;Bordeaux Brunet  apres Brandenbourg;Sud > Nord;;
Z25CT5;373;221;2726;-2.6;-25.3;-15.6;;;;;;Bordeaux Cours Bricaud après Vergne;Sens Sortant;;
Z25CT6;282;420;5483;16.3;-2.1;9.9;;;;;;Bordeaux Av. 40 Journaux avant Tobeen;Sud > Nord;;
Z26CT3;293;205;3866;;;;;;;;;Bordeaux Armagnac avant Rue Beck;Sens Sortant;;
Z27CT1;576;608;7699;-5.3;7.1;7.6;;;;;;Pessac Av. Leclerc avant Félix Faure;Sens Entrant;;
Z27CT12;550;629;8331;-12.6;1.5;4.0;;;;;;Pessac Av. Leclerc avant Meyraud;Sens Entrant;;
Z27CT15;154;275;2106;1.2;6.1;-4.7;;;;;;Pessac Av. de Canéjan;Sens Entrant;;
Z27CT4;498;709;8933;18.1;2.4;16.7;;;;;;Pessac Av. Leclerc après Félix Faure;Sens Sortant;;
Z27CT7;431;507;5280;8.2;5.5;7.8;;;;;;Pessa Av. du bourgailh après Socrate;Nord > Sud;;
Z27CT9;560;709;9245;-21.8;-20.8;-7.7;;;;;;Pessac Av. du Bourghail après Monbalon;Nord > Sud;;
Z28CT1;217;659;7301;-7.2;0.4;0.2;;;;;;St Medard Av. Descartes avant T. Gautier;Sens Sortant;;
Z28CT2;389;1152;10384;-3.2;4.2;1.3;;;;;;St Medard Av. Montaigne avant Turon;Sens Sortant;;
Z28CT3;182;389;4735;-2.7;-11.5;-4.5;;;;;;St Médard Av. Montaigne;Sens Sortant;;
Z28CT8;602;549;7487;7.5;-0.1;2.3;;;;;;St Médard Av. Descartes après Gauthier;Sens Entrant;;
Z29CT13;169;227;2641;6.1;2.9;10.1;;;;;;Floirac Av. Clémenceau après Dubedout;Sud > Nord;;
Z29CT4;231;179;2578;5.4;11.6;14.3;;;;;;Bordeaux Rue Galin;Sens Entrant;;
Z29CT9;484;323;4332;8.6;1.2;10.2;;;;;;Floirac Dubedout avant Allende;Sens Entrant;;
Z2CT1;156;213;3074;;;;;;;;;Bordeaux Cours Pasteur Hugo/Dubergier;Sud > Nord;;
Z2CT11;552;480;8307;-3.3;3.2;6.3;;;;;;Bordeaux Cours d'Albret après République;Sud > Nord;;
Z2CT18;249;369;4598;-11.9;-9.1;-4.8;;;;;;Bordeaux Cours V. Hugo après Cours Pasteur;Sens Sortant;;
Z2CT20;89;159;2490;-6.1;7.1;7.6;;;;;;Bordeaux Montée place Bir Hakeim;Bretelle Nord > Sud Montée vers pl Bir Hakeim;;
Z2CT23;309;478;6197;67.1;57.5;86.2;;;;;;Bordeaux Rue de Belfort après Juin;Nord > Sud;;
Z2CT3;528;620;9720;0.8;15.1;14.9;;;;;;Bordeaux Cours V Hugo Bir Hakeim/Rousselle;Sens Entrant;;
Z2CT9;604;642;10923;0.3;17.9;27.3;;;;;;Bordeaux Cours V. Hugo Ste Catherine;Sens Entrant;;
Z30CT13;495;505;6534;4.8;1.0;1.3;;;;;;Mérignac Av. Mendès-France;Sud > Nord;;
Z30CT20;133;432;3136;-4.5;16.2;-5.4;;;;;;Mérignac Av. Maréchal Leclerc;Sud > Nord;;
Z30CT9;367;291;4304;-33.4;-34.2;-33.3;;;;;;Mérignac Av. de la Marne après M. France;Sens Sortant;;
Z31CT2;523;928;10495;4.2;3.2;9.9;;;;;;Bassens Côte de la Garonne;Nord > Sud;;
Z31CT3;246;323;4364;-1.8;8.6;10.3;;;;;;Bassens Route de Bassens;Nord > Sud;;
Z3CT1;147;155;1965;;;;;;;;;Bordeaux Rue de Pessac après A. Larrieu;Sens Entrant;;
Z3CT11;364;386;6944;-20.0;-14.5;-4.7;;;;;;Bordeaux Cours Marne après Capucins;Marne vers Victoire;;
Z3CT5;364;347;6576;-23.2;-33.4;-15.9;;;;;;Bordeaux Cours Briand;Vers Victoire;;
Z3CT8;278;253;4581;-11.5;5.9;8.5;;;;;;Bordeaux Cours Marne après Victoire;Marne vers la gare;;
Z4CT1;613;530;9080;-11.1;-11.6;-4.4;;;;;;Bordeaux Cours de Verdun angle d'Aviau;Nord > Sud;;
Z4CT12;104;124;1909;;;;;;;;;Bordeaux Rue Capdeville après Judaïque;Sens Sortant;;
Z4CT13;466;502;6393;12.3;21.0;15.3;;;;;;Bordeaux Bonnac entrant après Sourdis;Centre Ville Entrant;;
Z4CT19;308;313;5166;8.0;3.8;10.3;;;;;;Bordeaux Rue N.-Pénard après Michelet;Nord > Sud;;
Z4CT2;391;293;7298;-16.3;-22.7;1.3;;;;;;Bordeaux Allées de Tourny;Place de la Comédie > place Tourny;;
Z4CT23;306;378;5228;6.5;3.5;6.4;;;;;;Bordeaux Cours de Verdun avant Doumer;Sens Sortant;;
Z4CT3;646;597;10304;-0.4;0.9;7.0;;;;;;Bordeaux Cours Clémenceau après Monbadon;Nord > Sud;;
Z4CT5;37;56;939;-3.1;3.8;13.5;;;;;;Bordeaux Cours de Tournon après la Rue Boudet;Place des Quinconces > place Tourny;;
Z4CT9;347;280;5224;1.4;-2.6;0.7;;;;;;Bordeaux 20 Rue Judaïque;Sens Sortant;;
Z5CT11;411;367;5685;-9.0;-1.2;-5.6;;;;;;Bordeaux Rue Peyronnet après Tauzia;de Tauzia > Marne;;
Z5CT13;463;374;7229;57.0;23.3;37.8;;;;;;Bordeaux Cours de la Marne avant Meunier;Nord > Sud;;
Z5CT4;777;635;8308;1.4;14.3;11.9;;;;;;Bordeaux Quai Souys Mattéoti/Sembat;Quais rive Droite Sud > Nord;;
Z5CT6;898;728;9403;15.5;21.6;20.8;;;;;;Bordeaux Quai de Paludate;Sens Entrant vers gare;;
Z6CT1;1006;893;15056;-7.7;-7.8;-6.9;;;;;;Bordeaux Blvd Wilson Pasteur/Ferry;Boulevards Nord > Sud;;
Z6CT13;436;343;4268;31.1;17.4;25.5;;;;;;Bordeaux Rue Mandel après Chevalier;Sens Entrant;;
Z6CT18;299;237;3258;11.4;10.0;5.5;;;;;;Bordeaux Rue Bernard Adour après Liberté;Sens Entrant;;
Z6CT19;763;798;10181;-9.3;-9.2;-8.4;;;;;;Bordeaux Av. République après Bel Air;Sens Sortant;;
Z6CT3;894;1021;15886;2.1;2.7;9.9;;;;;;Bordeaux Blvd Antoine Gautier avant Arès;Boulevards Sud > Nord;;
Z6CT8;653;521;6953;4.0;2.6;7.3;;;;;;Mérignac Av. d'Arès avant Mondésir;Sens Entrant;;
Z7CT13;158;116;1862;-9.6;-6.4;3.7;;;;;;Mérignac Tassigny après Aimé Césaire;sens sortant;;
Z7CT15;426;411;5249;14.1;-9.2;8.6;;;;;;Mérignac Av. du Chut;Sens Entrant;;
Z7CT6;176;253;3261;;;;;;;;;Mérignac Av. de Verdun après Rostand;Sens Entrant;;
Z7CT7;352;215;2701;-9.3;-26.6;-32.0;;;;;;Mérignac Av. Libération après Truc;Nord > Sud;;
Z8CT13;116;151;1846;5.1;7.6;8.0;;;;;;Bordeaux Av. Thiers après Stalingrad;Sens Sortant;;
Z8CT14;343;232;3402;-12.5;0.6;-1.3;;;;;;Bordeaux Rue Sem;Sud > Nord;;
Z8CT15;415;565;5861;24.3;-4.3;5.7;;;;;;Bordeaux Rue Sem;Nord > Sud;;
Z8CT17;448;337;6495;-21.8;-29.3;-14.1;;;;;;Bordeaux Rue Carnot;Sens Entrant;;
Z8CT18;214;255;3104;-25.9;-8.1;-4.7;;;;;;Bordeaux bretelle Pont St Emilion;Sens Entrant;;
Z8CT4;344;281;4519;2.9;-0.1;7.7;;;;;;Bordeaux Av. Thiers après Galin;Sens Entrant;;
Z8CT9;444;569;6990;11.2;12.5;0.2;;;;;;Cenon Av. Jean Jaurès;Sens Sortant;;
Z9CT14;461;513;7288;2.6;10.2;8.0;;;;;;Mérignac Av. de Peychotte avant Riaud;Sens Entrant;;
Z9CT16;437;552;7385;18.7;4.6;13.5;;;;;;Mérignac Av. François Mitterrand;Sens Sortant;;
Z9CT17;461;504;7566;0.3;5.2;9.1;;;;;;Mérignac Av .Mitterrand après C. Vic;Sens Sortant;;
Z9CT18;635;669;9711;-2.7;1.0;6.1;;;;;;Bordeaux Blvd G Pompidou après Despagnet;Sens Entrant;;
Z9CT3;807;891;12108;-13.6;-2.5;-6.7;;;;;;Bordeaux Blvd Leclerc après Lecoq;Boulevards Sud > Nord;;
